{
  "host": "localhost",
  "port": 8080,

  "backlog": 50,

  "routes":
  {

    "GET /readers": "controllers.templates.LibraryReadersController",
    "GET /": "controllers.templates.BookController",
    "GET /book": "controllers.templates.BookDetailsController",
    "GET .css": "controllers.templates.files.CSSController",
    "GET .html": "controllers.templates.files.HTMLController",
    "GET .jpg": "controllers.templates.files.JPGController",
    "GET .png": "controllers.templates.files.PNGController",
    "GET .gif": "controllers.templates.files.GIFController"
  }
}